{
    "plc_count": [
        0,
        1
    ],
    "plc_config": [
        {
            "name": "plc-1",
            "refresh_rate": "1000",
            "IP": "opc.tcp://192.168.0.200:4840",
            "username": "TVS",
            "password": "Tvs@123",
            "Tags": {
                "stn702_OK_parts": "ns=4;i=150",
                "stn702_NOT_parts": "ns=4;i=152",
                "stn702_Total_parts": "ns=4;i=153",
                "stn702_automode_running": "ns=4;i=143",
                "stn702_automode_selected": "ns=4;i=144",
                "stn702_manualmode_selected": "ns=4;i=145",
                "stn702_error_active": "ns=4;i=146",
                "stn702_break": "ns=4;i=147",
                "stn702_warning_active": "ns=4;i=148",
                "stn702_variantNumber": "ns=4;i=149",
                "stn702_shift": "ns=4;i=151",
                "stn702_Rej_Reason_1": "ns=4;i=154",
                "stn702_theoretical_cycletime": "ns=4;i=158",
                "stn702_actualCycletime": "ns=4;i=159",
                "stn702_loss_L1": "ns=4;i=165",
                "stn702_loss_L2": "ns=4;i=166",
                "stn702_loss_L3": "ns=4;i=167",
                "stn702_loss_L4": "ns=4;i=811",
                "stn702_AlmWord_1": "ns=4;i=211",
                "stn702_AlmWord_2": "ns=4;i=215",
                "stn702_AlmWord_3": "ns=4;i=219",
                "stn702_AlmWord_4": "ns=4;i=223",
                "stn702_AlmWord_5": "ns=4;i=227",
                "stn702_AlmWord_6": "ns=4;i=231",
                "stn702_AlmWord_7": "ns=4;i=235",
                "stn702_AlmWord_8": "ns=4;i=239",
                "stn702_AlmWord_9": "ns=4;i=243",
                "stn702_AlmWord_10": "ns=4;i=332",
                "stn702_AlmWord_11": "ns=4;i=336",
                "stn702_AlmWord_12": "ns=4;i=340",
                "stn702_AlmWord_13": "ns=4;i=344",
                "stn702_AlmWord_14": "ns=4;i=376",
                "stn702_AlmWord_15": "ns=4;i=380",
                "stn702_AlmWord_16": "ns=4;i=384",
                "stn702_AlmWord_17": "ns=4;i=388",
                "stn702_AlmWord_18": "ns=4;i=408",
                "stn702_AlmWord_19": "ns=4;i=412",
                "stn702_AlmWord_20": "ns=4;i=416",
                "stn702_AlmWord_21": "ns=4;i=420",
                "stn702_AlmWord_22": "ns=4;i=424",
                "stn702_AlmWord_23": "ns=4;i=428",
                "stn702_AlmWord_24": "ns=4;i=432",
                "stn702_AlmWord_25": "ns=4;i=436",
                "stn702_AlmWord_26": "ns=4;i=468",
                "stn702_AlmWord_27": "ns=4;i=472",
                "stn702_AlmWord_28": "ns=4;i=476",
                "stn702_AlmWord_29": "ns=4;i=480",
                "stn702_AlmWord_30": "ns=4;i=484",
                "stn702_AlmWord_31": "ns=4;i=488",
                "stn702_AlmWord_32": "ns=4;i=492",
                "stn702_AlmWord_33": "ns=4;i=508",
                "stn702_AlmWord_34": "ns=4;i=512",
                "stn702_AlmWord_35": "ns=4;i=516",
                "stn702_AlmWord_36": "ns=4;i=528",
                "stn702_AlmWord_37": "ns=4;i=532",
                "stn702_AlmWord_38": "ns=4;i=536",
                "stn702_AlmWord_39": "ns=4;i=540",
                "stn702_AlmWord_40": "ns=4;i=544",
                "stn702_AlmWord_41": "ns=4;i=568",
                "stn702_AlmWord_42": "ns=4;i=572",
                "stn702_AlmWord_43": "ns=4;i=576",
                "stn702_AlmWord_44": "ns=4;i=580",
                "stn702_AlmWord_45": "ns=4;i=812"
            }
        },
        {
            "name": "plc-2",
            "refresh_rate": "1000",
            "IP": "opc.tcp://192.168.0.220:4840",
            "username": "TVS",
            "password": "Tvs@123",
            "Tags": {
                "stn90_OK_parts": "ns=4;i=13",
                "stn90_NOT_parts": "ns=4;i=15",
                "stn90_Total_parts": "ns=4;i=16",
                "stn90_automode_running": "ns=4;i=6",
                "stn90_automode_selected": "ns=4;i=7",
                "stn90_manualmode_selected": "ns=4;i=8",
                "stn90_error_active": "ns=4;i=9",
                "stn90_break": "ns=4;i=10",
                "stn90_warning_active": "ns=4;i=11",
                "stn90_variantNumber": "ns=4;i=12",
                "stn90_shift": "ns=4;i=14",
                "stn90_Rej_Reason_1": "ns=4;i=17",
                "stn90_theoretical_cycletime": "ns=4;i=21",
                "stn90_actualCycletime": "ns=4;i=22",
                "stn90_loss_L1": "ns=4;i=28",
                "stn90_loss_L2": "ns=4;i=29",
                "stn90_loss_L3": "ns=4;i=30",
                "stn90_loss_L4": "ns=4;i=798",
                "stn90_AlmWord_1": "ns=4;i=158",
                "stn90_AlmWord_2": "ns=4;i=162",
                "stn90_AlmWord_3": "ns=4;i=166",
                "stn90_AlmWord_4": "ns=4;i=170",
                "stn90_AlmWord_5": "ns=4;i=174",
                "stn90_AlmWord_6": "ns=4;i=178",
                "stn90_AlmWord_7": "ns=4;i=182",
                "stn90_AlmWord_8": "ns=4;i=186",
                "stn90_AlmWord_9": "ns=4;i=190",
                "stn90_AlmWord_10": "ns=4;i=194",
                "stn90_AlmWord_11": "ns=4;i=198",
                "stn90_AlmWord_12": "ns=4;i=202",
                "stn90_AlmWord_13": "ns=4;i=206",
                "stn90_AlmWord_14": "ns=4;i=210",
                "stn90_AlmWord_15": "ns=4;i=279",
                "stn90_AlmWord_16": "ns=4;i=283",
                "stn90_AlmWord_17": "ns=4;i=287",
                "stn90_AlmWord_18": "ns=4;i=291",
                "stn90_AlmWord_19": "ns=4;i=315",
                "stn90_AlmWord_20": "ns=4;i=323",
                "stn90_AlmWord_21": "ns=4;i=327",
                "stn90_AlmWord_22": "ns=4;i=383",
                "stn90_AlmWord_23": "ns=4;i=475",
                "stn90_AlmWord_24": "ns=4;i=479",
                "stn90_AlmWord_25": "ns=4;i=483",
                "stn90_AlmWord_26": "ns=4;i=487",
                "stn90_AlmWord_27": "ns=4;i=515",
                "stn90_AlmWord_28": "ns=4;i=519",
                "stn90_AlmWord_29": "ns=4;i=523",
                "stn90_AlmWord_30": "ns=4;i=799"
            }
        }
    ]
}