{
    "plc_count": [
        0
    ],
    "plc_config": [
        {
            "name": "plc-1",
            "refresh_rate": "1000",
            "IP": "opc.tcp://192.168.0.20:4840",
            "username": "TVS",
            "password": "Tvs@123",
            "Tags": {
                "stn20_OK_parts": "ns=4;i=268",
                "stn20_NOT_parts": "ns=4;i=270",
                "stn20_Total_parts": "ns=4;i=271",
                "stn20_automode_running": "ns=4;i=261",
                "stn20_automode_selected": "ns=4;i=262",
                "stn20_manualmode_selected": "ns=4;i=263",
                "stn20_error_active": "ns=4;i=264",
                "stn20_break": "ns=4;i=265",
                "stn20_warning_active": "ns=4;i=266",
                "stn20_variantNumber": "ns=4;i=267",
                "stn20_shift": "ns=4;i=269",
                "stn20_Rej_Reason_1": "ns=4;i=272",
                "stn20_theoretical_cycletime_LH": "ns=4;i=279",
                "stn20_theoretical_cycletime_RH": "ns=4;i=280",
                "stn20_actualCycletime_LH": "ns=4;i=284",
                "stn20_actualCycletime_RH": "ns=4;i=285",
                "stn20_loss_L1": "ns=4;i=291",
                "stn20_loss_L2": "ns=4;i=292",
                "stn20_loss_L3": "ns=4;i=293",
                "stn20_loss_L4": "ns=4;i=1739",
                "stn20_AlmWord_1": "ns=4;i=297",
                "stn20_AlmWord_2": "ns=4;i=301",
                "stn20_AlmWord_3": "ns=4;i=305",
                "stn20_AlmWord_4": "ns=4;i=313",
                "stn20_AlmWord_5": "ns=4;i=321",
                "stn20_AlmWord_6": "ns=4;i=325",
                "stn20_AlmWord_7": "ns=4;i=333",
                "stn20_AlmWord_8": "ns=4;i=337",
                "stn20_AlmWord_9": "ns=4;i=341",
                "stn20_AlmWord_10": "ns=4;i=361",
                "stn20_AlmWord_11": "ns=4;i=373",
                "stn20_AlmWord_12": "ns=4;i=377",
                "stn20_AlmWord_13": "ns=4;i=418",
                "stn20_AlmWord_14": "ns=4;i=466",
                "stn20_AlmWord_15": "ns=4;i=534",
                "stn20_AlmWord_16": "ns=4;i=538",
                "stn20_AlmWord_17": "ns=4;i=542",
                "stn20_AlmWord_18": "ns=4;i=558",
                "stn20_AlmWord_19": "ns=4;i=562",
                "stn20_AlmWord_20": "ns=4;i=819",
                "stn20_AlmWord_21": "ns=4;i=827",
                "stn20_AlmWord_22": "ns=4;i=835",
                "stn20_AlmWord_23": "ns=4;i=855",
                "stn20_AlmWord_24": "ns=4;i=859",
                "stn20_AlmWord_25": "ns=4;i=863",
                "stn20_AlmWord_26": "ns=4;i=867",
                "stn20_AlmWord_27": "ns=4;i=871",
                "stn20_AlmWord_28": "ns=4;i=875",
                "stn20_AlmWord_29": "ns=4;i=879",
                "stn20_AlmWord_30": "ns=4;i=883",
                "stn20_AlmWord_31": "ns=4;i=887",
                "stn20_AlmWord_32": "ns=4;i=891",
                "stn20_AlmWord_33": "ns=4;i=895",
                "stn20_AlmWord_34": "ns=4;i=899",
                "stn20_AlmWord_35": "ns=4;i=915",
                "stn20_AlmWord_36": "ns=4;i=919",
                "stn20_AlmWord_37": "ns=4;i=923",
                "stn20_AlmWord_38": "ns=4;i=927",
                "stn20_AlmWord_39": "ns=4;i=931",
                "stn20_AlmWord_40": "ns=4;i=935",
                "stn20_AlmWord_41": "ns=4;i=939",
                "stn20_AlmWord_42": "ns=4;i=947",
                "stn20_AlmWord_43": "ns=4;i=1015",
                "stn20_AlmWord_44": "ns=4;i=1019",
                "stn20_AlmWord_45": "ns=4;i=1023",
                "stn20_AlmWord_46": "ns=4;i=1035",
                "stn20_AlmWord_47": "ns=4;i=1039",
                "stn20_AlmWord_48": "ns=4;i=1043",
                "stn20_AlmWord_49": "ns=4;i=1055",
                "stn20_AlmWord_50": "ns=4;i=1059",
                "stn20_AlmWord_51": "ns=4;i=1063",
                "stn20_AlmWord_52": "ns=4;i=1264",
                "stn20_AlmWord_53": "ns=4;i=1268",
                "stn20_AlmWord_54": "ns=4;i=1272",
                "stn20_AlmWord_55": "ns=4;i=1740",
                "stn620_OK_parts": "ns=5;i=826",
                "stn620_NOT_parts": "ns=5;i=828",
                "stn620_Total_parts": "ns=5;i=829",
                "stn620_automode_running": "ns=5;i=819",
                "stn620_automode_selected": "ns=5;i=820",
                "stn620_manualmode_selected": "ns=5;i=821",
                "stn620_error_active": "ns=5;i=822",
                "stn620_break": "ns=5;i=823",
                "stn620_warning_active": "ns=5;i=824",
                "stn620_variantNumber": "ns=5;i=825",
                "stn620_shift": "ns=5;i=827",
                "stn620_Rej_Reason_1": "ns=5;i=830",
                "stn620_theoretical_cycletime_LH": "ns=5;i=837",
                "stn620_theoretical_cycletime_RH": "ns=5;i=838",
                "stn620_actualCycletime_LH": "ns=5;i=842",
                "stn620_actualCycletime_RH": "ns=5;i=843",
                "stn620_loss_L1": "ns=5;i=849",
                "stn620_loss_L2": "ns=5;i=850",
                "stn620_loss_L3": "ns=5;i=851",
                "stn620_loss_L4": "ns=5;i=2297",
                "stn620_AlmWord_1": "ns=5;i=875",
                "stn620_AlmWord_2": "ns=5;i=879",
                "stn620_AlmWord_3": "ns=5;i=911",
                "stn620_AlmWord_4": "ns=5;i=915",
                "stn620_AlmWord_5": "ns=5;i=1000",
                "stn620_AlmWord_6": "ns=5;i=1385",
                "stn620_AlmWord_7": "ns=5;i=1389",
                "stn620_AlmWord_8": "ns=5;i=1393",
                "stn620_AlmWord_9": "ns=5;i=1397",
                "stn620_AlmWord_10": "ns=5;i=1401",
                "stn620_AlmWord_11": "ns=5;i=1405",
                "stn620_AlmWord_12": "ns=5;i=1409",
                "stn620_AlmWord_13": "ns=5;i=1413",
                "stn620_AlmWord_14": "ns=5;i=1417",
                "stn620_AlmWord_15": "ns=5;i=1421",
                "stn620_AlmWord_16": "ns=5;i=1425",
                "stn620_AlmWord_17": "ns=5;i=1429",
                "stn620_AlmWord_18": "ns=5;i=1433",
                "stn620_AlmWord_19": "ns=5;i=1437",
                "stn620_AlmWord_20": "ns=5;i=1441",
                "stn620_AlmWord_21": "ns=5;i=1445",
                "stn620_AlmWord_22": "ns=5;i=1453",
                "stn620_AlmWord_23": "ns=5;i=1473",
                "stn620_AlmWord_24": "ns=5;i=1477",
                "stn620_AlmWord_25": "ns=5;i=1481",
                "stn620_AlmWord_26": "ns=5;i=1786",
                "stn620_AlmWord_27": "ns=5;i=1790",
                "stn620_AlmWord_28": "ns=5;i=1794",
                "stn620_AlmWord_29": "ns=5;i=1798",
                "stn620_AlmWord_30": "ns=5;i=1802",
                "stn620_AlmWord_31": "ns=5;i=1806",
                "stn620_AlmWord_32": "ns=5;i=1810",
                "stn620_AlmWord_33": "ns=5;i=1814",
                "stn620_AlmWord_34": "ns=5;i=1822",
                "stn620_AlmWord_35": "ns=5;i=1834",
                "stn620_AlmWord_36": "ns=5;i=2298"
            }
        }
    ]
}