{
    "plc_count": [
        0,
        1
    ],
    "plc_config": [
        {
            "name": "plc-1",
            "refresh_rate": "1000",
            "IP": "opc.tcp://192.168.1.30:4840",
            "username": "TVS",
            "password": "Tvs@123",
            "Tags": {
                "stn1202_OK_parts": "ns=4;i=210",
                "stn1202_NOT_parts": "ns=4;i=212",
                "stn1202_Total_parts": "ns=4;i=213",
                "stn1202_automode_running": "ns=4;i=203",
                "stn1202_automode_selected": "ns=4;i=204",
                "stn1202_manualmode_selected": "ns=4;i=205",
                "stn1202_error_active": "ns=4;i=206",
                "stn1202_break": "ns=4;i=207",
                "stn1202_warning_active": "ns=4;i=208",
                "stn1202_variantNumber": "ns=4;i=209",
                "stn1202_shift": "ns=4;i=211",
                "stn1202_Rej_Reason_1": "ns=4;i=214",
                "stn1202_theoretical_cycletime_LH": "ns=4;i=222",
                "stn1202_theoretical_cycletime_RH": "ns=4;i=223",
                "stn1202_actualCycletime_LH": "ns=4;i=226",
                "stn1202_actualCycletime_RH": "ns=4;i=227",
                "stn1202_loss_L1": "ns=4;i=233",
                "stn1202_loss_L2": "ns=4;i=234",
                "stn1202_loss_L3": "ns=4;i=235",
                "stn1202_loss_L4": "ns=4;i=879",
                "stn1202_AlmWord_1": "ns=4;i=239",
                "stn1202_AlmWord_2": "ns=4;i=243",
                "stn1202_AlmWord_3": "ns=4;i=247",
                "stn1202_AlmWord_4": "ns=4;i=251",
                "stn1202_AlmWord_5": "ns=4;i=255",
                "stn1202_AlmWord_6": "ns=4;i=259",
                "stn1202_AlmWord_7": "ns=4;i=263",
                "stn1202_AlmWord_8": "ns=4;i=267",
                "stn1202_AlmWord_9": "ns=4;i=271",
                "stn1202_AlmWord_10": "ns=4;i=275",
                "stn1202_AlmWord_11": "ns=4;i=360",
                "stn1202_AlmWord_12": "ns=4;i=364",
                "stn1202_AlmWord_13": "ns=4;i=368",
                "stn1202_AlmWord_14": "ns=4;i=372",
                "stn1202_AlmWord_15": "ns=4;i=376",
                "stn1202_AlmWord_16": "ns=4;i=392",
                "stn1202_AlmWord_17": "ns=4;i=396",
                "stn1202_AlmWord_18": "ns=4;i=400",
                "stn1202_AlmWord_19": "ns=4;i=404",
                "stn1202_AlmWord_20": "ns=4;i=416",
                "stn1202_AlmWord_21": "ns=4;i=420",
                "stn1202_AlmWord_22": "ns=4;i=436",
                "stn1202_AlmWord_23": "ns=4;i=440",
                "stn1202_AlmWord_24": "ns=4;i=444",
                "stn1202_AlmWord_25": "ns=4;i=448",
                "stn1202_AlmWord_26": "ns=4;i=452",
                "stn1202_AlmWord_27": "ns=4;i=456",
                "stn1202_AlmWord_28": "ns=4;i=460",
                "stn1202_AlmWord_29": "ns=4;i=464",
                "stn1202_AlmWord_30": "ns=4;i=556",
                "stn1202_AlmWord_31": "ns=4;i=560",
                "stn1202_AlmWord_32": "ns=4;i=564",
                "stn1202_AlmWord_33": "ns=4;i=568",
                "stn1202_AlmWord_34": "ns=4;i=596",
                "stn1202_AlmWord_35": "ns=4;i=600",
                "stn1202_AlmWord_36": "ns=4;i=604",
                "stn1202_AlmWord_37": "ns=4;i=608",
                "stn1202_AlmWord_38": "ns=4;i=612",
                "stn1202_AlmWord_39": "ns=4;i=616",
                "stn1202_AlmWord_40": "ns=4;i=880"
            }
        },
        {
            "name": "plc-2",
            "refresh_rate": "1000",
            "IP": "opc.tcp://192.168.1.50:4840",
            "username": "TVS",
            "password": "Tvs@123",
            "Tags": {
                "stn1203_OK_parts": "ns=4;i=208",
                "stn1203_NOT_parts": "ns=4;i=210",
                "stn1203_Total_parts": "ns=4;i=211",
                "stn1203_automode_running": "ns=4;i=201",
                "stn1203_automode_selected": "ns=4;i=202",
                "stn1203_manualmode_selected": "ns=4;i=203",
                "stn1203_error_active": "ns=4;i=204",
                "stn1203_break": "ns=4;i=205",
                "stn1203_warning_active": "ns=4;i=206",
                "stn1203_variantNumber": "ns=4;i=207",
                "stn1203_shift": "ns=4;i=209",
                "stn1203_Rej_Reason_1": "ns=4;i=212",
                "stn1203_theoretical_cycletime_LH": "ns=4;i=219",
                "stn1203_theoretical_cycletime_RH": "ns=4;i=220",
                "stn1203_actualCycletime_LH": "ns=4;i=224",
                "stn1203_actualCycletime_RH": "ns=4;i=225",
                "stn1203_loss_L1": "ns=4;i=231",
                "stn1203_loss_L2": "ns=4;i=232",
                "stn1203_loss_L3": "ns=4;i=233",
                "stn1203_loss_L4": "ns=4;i=877",
                "stn1203_AlmWord_1": "ns=4;i=237",
                "stn1203_AlmWord_2": "ns=4;i=241",
                "stn1203_AlmWord_3": "ns=4;i=245",
                "stn1203_AlmWord_4": "ns=4;i=249",
                "stn1203_AlmWord_5": "ns=4;i=253",
                "stn1203_AlmWord_6": "ns=4;i=265",
                "stn1203_AlmWord_7": "ns=4;i=269",
                "stn1203_AlmWord_8": "ns=4;i=273",
                "stn1203_AlmWord_9": "ns=4;i=277",
                "stn1203_AlmWord_10": "ns=4;i=281",
                "stn1203_AlmWord_11": "ns=4;i=358",
                "stn1203_AlmWord_12": "ns=4;i=362",
                "stn1203_AlmWord_13": "ns=4;i=366",
                "stn1203_AlmWord_14": "ns=4;i=370",
                "stn1203_AlmWord_15": "ns=4;i=374",
                "stn1203_AlmWord_16": "ns=4;i=394",
                "stn1203_AlmWord_17": "ns=4;i=402",
                "stn1203_AlmWord_18": "ns=4;i=406",
                "stn1203_AlmWord_19": "ns=4;i=414",
                "stn1203_AlmWord_20": "ns=4;i=434",
                "stn1203_AlmWord_21": "ns=4;i=438",
                "stn1203_AlmWord_22": "ns=4;i=554",
                "stn1203_AlmWord_23": "ns=4;i=558",
                "stn1203_AlmWord_24": "ns=4;i=562",
                "stn1203_AlmWord_25": "ns=4;i=566",
                "stn1203_AlmWord_26": "ns=4;i=594",
                "stn1203_AlmWord_27": "ns=4;i=598",
                "stn1203_AlmWord_28": "ns=4;i=602",
                "stn1203_AlmWord_29": "ns=4;i=878"
            }
        }
    ]
}