{
    "plc_count": [
        0
    ],
    "plc_config": [
        {
            "name": "plc-1",
            "refresh_rate": "1000",
            "IP": "opc.tcp://192.168.0.150:4840",
            "username": "TVS",
            "password": "Tvs@123",
            "Tags": {
                "stn50_OK_parts": "ns=4;i=103",
                "stn50_NOT_parts": "ns=4;i=105",
                "stn50_Total_parts": "ns=4;i=106",
                "stn50_automode_running": "ns=4;i=96",
                "stn50_automode_selected": "ns=4;i=97",
                "stn50_manualmode_selected": "ns=4;i=98",
                "stn50_error_active": "ns=4;i=99",
                "stn50_break": "ns=4;i=100",
                "stn50_warning_active": "ns=4;i=101",
                "stn50_variantNumber": "ns=4;i=102",
                "stn50_shift": "ns=4;i=104",
                "stn50_Rej_Reason_1": "ns=4;i=107",
                "stn50_AlmWord_1": "ns=4;i=124",
                "stn50_AlmWord_2": "ns=4;i=128",
                "stn50_AlmWord_3": "ns=4;i=132",
                "stn50_AlmWord_4": "ns=4;i=136",
                "stn50_AlmWord_5": "ns=4;i=140",
                "stn50_AlmWord_6": "ns=4;i=144",
                "stn50_AlmWord_7": "ns=4;i=148",
                "stn50_AlmWord_8": "ns=4;i=152",
                "stn50_AlmWord_9": "ns=4;i=156",
                "stn50_AlmWord_10": "ns=4;i=160",
                "stn50_AlmWord_11": "ns=4;i=164",
                "stn50_AlmWord_12": "ns=4;i=245",
                "stn50_AlmWord_13": "ns=4;i=253",
                "stn50_AlmWord_14": "ns=4;i=281",
                "stn50_AlmWord_15": "ns=4;i=285",
                "stn50_AlmWord_16": "ns=4;i=289",
                "stn50_AlmWord_17": "ns=4;i=293",
                "stn50_AlmWord_18": "ns=4;i=441",
                "stn50_AlmWord_19": "ns=4;i=445",
                "stn50_AlmWord_20": "ns=4;i=449",
                "stn50_AlmWord_21": "ns=4;i=453",
                "stn50_AlmWord_22": "ns=4;i=457",
                "stn50_AlmWord_23": "ns=4;i=481",
                "stn50_AlmWord_24": "ns=4;i=485",
                "stn50_AlmWord_25": "ns=4;i=489",
                "stn50_AlmWord_26": "ns=4;i=765",
                "stn50_theoretical_cycletime": "ns=4;i=111",
                "stn50_actualCycletime": "ns=4;i=112",
                "stn50_loss_L1": "ns=4;i=118",
                "stn50_loss_L2": "ns=4;i=119",
                "stn50_loss_L3": "ns=4;i=120",
                "stn50_loss_L4": "ns=4;i=764",
                "stn601_OK_parts": "ns=5;i=158",
                "stn601_NOT_parts": "ns=5;i=160",
                "stn601_Total_parts": "ns=5;i=161",
                "stn601_automode_running": "ns=5;i=151",
                "stn601_automode_selected": "ns=5;i=152",
                "stn601_manualmode_selected": "ns=5;i=153",
                "stn601_error_active": "ns=5;i=154",
                "stn601_break": "ns=5;i=155",
                "stn601_warning_active": "ns=5;i=156",
                "stn601_variantNumber": "ns=5;i=157",
                "stn601_shift": "ns=5;i=159",
                "stn601_Rej_Reason_1": "ns=5;i=162",
                "stn601_AlmWord_1": "ns=5;i=179",
                "stn601_AlmWord_2": "ns=5;i=183",
                "stn601_AlmWord_3": "ns=5;i=187",
                "stn601_AlmWord_4": "ns=5;i=191",
                "stn601_AlmWord_5": "ns=5;i=195",
                "stn601_AlmWord_6": "ns=5;i=199",
                "stn601_AlmWord_7": "ns=5;i=203",
                "stn601_AlmWord_8": "ns=5;i=207",
                "stn601_AlmWord_9": "ns=5;i=211",
                "stn601_AlmWord_10": "ns=5;i=215",
                "stn601_AlmWord_11": "ns=5;i=219",
                "stn601_AlmWord_12": "ns=5;i=300",
                "stn601_AlmWord_13": "ns=5;i=304",
                "stn601_AlmWord_14": "ns=5;i=308",
                "stn601_AlmWord_15": "ns=5;i=344",
                "stn601_AlmWord_16": "ns=5;i=348",
                "stn601_AlmWord_17": "ns=5;i=356",
                "stn601_AlmWord_18": "ns=5;i=364",
                "stn601_AlmWord_19": "ns=5;i=368",
                "stn601_AlmWord_20": "ns=5;i=372",
                "stn601_AlmWord_21": "ns=5;i=456",
                "stn601_AlmWord_22": "ns=5;i=496",
                "stn601_AlmWord_23": "ns=5;i=500",
                "stn601_AlmWord_24": "ns=5;i=504",
                "stn601_AlmWord_25": "ns=5;i=508",
                "stn601_AlmWord_26": "ns=5;i=512",
                "stn601_AlmWord_27": "ns=5;i=536",
                "stn601_AlmWord_28": "ns=5;i=540",
                "stn601_AlmWord_29": "ns=5;i=820",
                "stn601_theoretical_cycletime": "ns=5;i=166",
                "stn601_actualCycletime": "ns=5;i=167",
                "stn601_loss_L1": "ns=5;i=173",
                "stn601_loss_L2": "ns=5;i=174",
                "stn601_loss_L3": "ns=5;i=175",
                "stn601_loss_L4": "ns=5;i=819"
            }
        }
    ]
}