{
    "plc_count": [
        0
    ],
    "plc_config": [
        {
            "name": "plc-1",
            "refresh_rate": "1000",
            "IP": "opc.tcp://192.168.1.110:4840",
            "username": "TVS",
            "password": "Tvs@123",
            "Tags": {
                "stn150_OK_parts": "ns=4;i=273",
                "stn150_NOT_parts": "ns=4;i=275",
                "stn150_Total_parts": "ns=4;i=276",
                "stn150_automode_running": "ns=4;i=266",
                "stn150_automode_selected": "ns=4;i=267",
                "stn150_manualmode_selected": "ns=4;i=268",
                "stn150_error_active": "ns=4;i=269",
                "stn150_break": "ns=4;i=270",
                "stn150_warning_active": "ns=4;i=271",
                "stn150_variantNumber": "ns=4;i=272",
                "stn150_shift": "ns=4;i=274",
                "stn150_Rej_Reason_1": "ns=4;i=277",
                "stn150_theoretical_cycletime_LH": "ns=4;i=284",
                "stn150_theoretical_cycletime_RH": "ns=4;i=285",
                "stn150_actualCycletime_LH": "ns=4;i=289",
                "stn150_actualCycletime_RH": "ns=4;i=290",
                "stn150_loss_L1": "ns=4;i=296",
                "stn150_loss_L2": "ns=4;i=297",
                "stn150_loss_L3": "ns=4;i=298",
                "stn150_loss_L4": "ns=4;i=942",
                "stn150_AlmWord_1": "ns=4;i=302",
                "stn150_AlmWord_2": "ns=4;i=306",
                "stn150_AlmWord_3": "ns=4;i=310",
                "stn150_AlmWord_4": "ns=4;i=314",
                "stn150_AlmWord_5": "ns=4;i=423",
                "stn150_AlmWord_6": "ns=4;i=427",
                "stn150_AlmWord_7": "ns=4;i=451",
                "stn150_AlmWord_8": "ns=4;i=455",
                "stn150_AlmWord_9": "ns=4;i=459",
                "stn150_AlmWord_10": "ns=4;i=463",
                "stn150_AlmWord_11": "ns=4;i=467",
                "stn150_AlmWord_12": "ns=4;i=475",
                "stn150_AlmWord_13": "ns=4;i=479",
                "stn150_AlmWord_14": "ns=4;i=619",
                "stn150_AlmWord_15": "ns=4;i=623",
                "stn150_AlmWord_16": "ns=4;i=627",
                "stn150_AlmWord_17": "ns=4;i=631",
                "stn150_AlmWord_18": "ns=4;i=943"
            }
        }
    ]
}