{
    "plc_count": [
        0
    ],
    "plc_config": [
        {
            "name": "plc-1",
            "refresh_rate": "1000",
            "IP": "opc.tcp://192.168.1.90:4840",
            "username": "TVS",
            "password": "Tvs@123",
            "Tags": {
                "stn140_OK_parts": "ns=4;i=171",
                "stn140_NOT_parts": "ns=4;i=173",
                "stn140_Total_parts": "ns=4;i=174",
                "stn140_automode_running": "ns=4;i=164",
                "stn140_automode_selected": "ns=4;i=165",
                "stn140_manualmode_selected": "ns=4;i=166",
                "stn140_error_active": "ns=4;i=167",
                "stn140_break": "ns=4;i=168",
                "stn140_warning_active": "ns=4;i=169",
                "stn140_variantNumber": "ns=4;i=170",
                "stn140_shift": "ns=4;i=172",
                "stn140_Rej_Reason_1": "ns=4;i=175",
                "stn140_theoretical_cycletime_LH": "ns=4;i=182",
                "stn140_theoretical_cycletime_RH": "ns=4;i=183",
                "stn140_actualCycletime_LH": "ns=4;i=187",
                "stn140_actualCycletime_RH": "ns=4;i=188",
                "stn140_loss_L1": "ns=4;i=194",
                "stn140_loss_L2": "ns=4;i=195",
                "stn140_loss_L3": "ns=4;i=196",
                "stn140_loss_L4": "ns=4;i=840",
                "stn140_AlmWord_1": "ns=4;i=200",
                "stn140_AlmWord_2": "ns=4;i=204",
                "stn140_AlmWord_3": "ns=4;i=208",
                "stn140_AlmWord_4": "ns=4;i=212",
                "stn140_AlmWord_5": "ns=4;i=216",
                "stn140_AlmWord_6": "ns=4;i=220",
                "stn140_AlmWord_7": "ns=4;i=224",
                "stn140_AlmWord_8": "ns=4;i=228",
                "stn140_AlmWord_9": "ns=4;i=232",
                "stn140_AlmWord_10": "ns=4;i=236",
                "stn140_AlmWord_11": "ns=4;i=240",
                "stn140_AlmWord_12": "ns=4;i=321",
                "stn140_AlmWord_13": "ns=4;i=325",
                "stn140_AlmWord_14": "ns=4;i=329",
                "stn140_AlmWord_15": "ns=4;i=337",
                "stn140_AlmWord_16": "ns=4;i=357",
                "stn140_AlmWord_17": "ns=4;i=361",
                "stn140_AlmWord_18": "ns=4;i=365",
                "stn140_AlmWord_19": "ns=4;i=369",
                "stn140_AlmWord_20": "ns=4;i=373",
                "stn140_AlmWord_21": "ns=4;i=377",
                "stn140_AlmWord_22": "ns=4;i=381",
                "stn140_AlmWord_23": "ns=4;i=517",
                "stn140_AlmWord_24": "ns=4;i=521",
                "stn140_AlmWord_25": "ns=4;i=525",
                "stn140_AlmWord_26": "ns=4;i=529",
                "stn140_AlmWord_27": "ns=4;i=557",
                "stn140_AlmWord_28": "ns=4;i=569",
                "stn140_AlmWord_29": "ns=4;i=841"
            }
        }
    ]
}