{"op_100,op_630,op_640":{"connection":true,"op_100":{"running frequency":0,"r phasecurrents":-0.00040320787229575217,"y phasecurrents":-0.00011121163697680458,"b phasecurrents":-0.0024232864379882812,"drive temperature":25,"fan running status (on/off)":0,"motor running torque":6.52131739120459e-38,"motor temperature":25.299999237060547,"motor voltage":8.277112417398599e-38,"running load in kw":0,"units consumed in kwh":0,"r phasevoltage":0,"y phasevoltage":0,"b phasevoltage":0,"r phasecurrent":0,"y phasecurrent":0,"b phasecurrent":0,"power factor":0,"frequency":0,"air pressure":1,"air flow":3276.699951171875},"op_640":{"fan running status (on/off) receive transfer conveyor":0,"motor running torquereceive transfer conveyor":7.136337197847809e-38,"motor temperature receive transfer conveyor":24,"motor voltage receive transfer conveyor":9.021250106622249e-38,"running frequency receive lifter conveyor":0,"r phasecurrent receive lifter conveyor":-0.0016263459110632539,"y phasecurrent receive lifter conveyor":0.002013628138229251,"b phasecurrent receive lifter conveyor":0.0005909080500714481,"drive temperature receive lifter conveyor":25,"fan running status (on/off) receive lifter conveyor":0,"motor running torque receive lifter conveyor":6.319519762473487e-38,"motor temperature receive lifter conveyor":24.200000762939453,"motor voltage receive lifter conveyor":7.885275735610236e-38,"running frequency main transfer conveyor":0,"r phasecurrent main transfer conveyor":-0.00014205339539330453,"y phasecurrent main transfer conveyor":0.002813077298924327,"b phasecurrent main transfer conveyor":-0.0016986926784738898,"drive temperature main transfer conveyor":25,"fan running status (on/off) main transfer conveyor":0,"motor running torque main transfer conveyor":7.337681926915241e-38,"motor temperature main transfer conveyor":24.600000381469727,"motor voltage main transfer conveyor":8.562754217405341e-38,"running frequency send transfer conveyor":0,"r phasecurrent send transfer conveyor":-0.0002617544087115675,"y phasecurrent send transfer conveyor":-0.0012589100515469909,"b phasecurrent send transfer conveyor":-0.00043357195681892335,"drive temperature send transfer conveyor":25,"fan running status (on/off) send transfer conveyor":0,"motor running torque send transfer conveyor":6.756384087556306e-38,"motor temperature send transfer conveyor":24.5,"motor voltage send transfer conveyor":8.537857067329989e-38,"running frequency send lifter conveyor":0,"r phasecurrent send lifter conveyor":0.0008032632176764309,"y phasecurrent send lifter conveyor":0.0007168619777075946,"b phasecurrent send lifter conveyor":-0.0005386124248616397,"drive temperature send lifter conveyor":25,"fan running status (on/off) send lifter conveyor":0,"motor running torque send lifter conveyor":7.180636165940816e-38,"motor temperature send lifter conveyor":23.799999237060547,"motor voltage send lifter conveyor":8.035276888944808e-38,"air pressure":1,"air flow":3276.699951171875,"voltage axis lifter receive":559.0958862304688,"absolute current lifter receive":1.8876745700836182,"actual speed lifter receive":0.000095367431640625,"actual torque lifter receive":1.56087327003479,"drive temperature lifter receive":47.29999923706055,"voltage axis lifter send":560.3755493164062,"absolute current axis lifter send":1.4805912971496582,"actual speed axis lifter send":-0.000095367431640625,"actual torque axis lifter send":1.996337652206421,"drive temperature axis lifter send":45.60000228881836,"running frequency receive transfer conveyor":0,"r phasecurrent receive transfer conveyor":0.0010962007800117135,"y phasecurrent receive transfer conveyor":0.0005751370335929096,"b phasecurrent receive transfer conveyor":0.0012642927467823029},"op_630":{"running frequency":0,"r phasecurrent":0.000825999362859875,"y phasecurrent":0.002226943615823984,"b phasecurrent":0.002823373069986701,"drive temperature":25,"fan running status (on/off)":0,"motor running torque":6.502923947561862e-38,"motor temperature":0,"motor voltage":7.917815567510016e-38,"air pressure":1,"air flow":3276.699951171875}},"op_10A,op_10B":{"connection":true,"op_10A":{"fan running status (on/off)":1,"motor running torque":6.800954907551393e-38,"motor temperature":22.700000762939453,"motor voltage":8.374136641510292e-38,"running load in kw":0.22055163979530334,"units consumed in kwh":0,"r phasevoltage":227.0935821533203,"y phasevoltage":230.56784057617188,"b phasevoltage":226.17543029785156,"r phasecurrents":0.676328182220459,"y phasecurrents":0.33012256026268005,"b phasecurrents":0.4477330446243286,"power factor":1.3336237668991089,"frequency":49.972557067871094,"air pressure":1,"air flow":0,"running frequency":0,"r phasecurrent":-0.00010675114026525989,"y phasecurrent":0.0007948984275572002,"b phasecurrent":-0.0016635461943224072,"drive temperature":25},"op_10B":{"running frequency":0,"r phasecurrent":0.00010085230314871296,"y phasecurrent":-0.00016461250197608024,"b phasecurrent":-0.001883428543806076,"drive temperature":25,"fan running status (on/off)":1,"motor running torque":7.404510971717663e-38,"motor temperature":22.899999618530273,"motor voltage":8.525677541597463e-38,"air pressure":1,"air flow":0}},"op_110,op_120A":{"connection":true,"op_110":{"r phasevoltage":"undefined","y phasevoltage":"undefined","b phasevoltage":"undefined","r phasecurrent":"undefined","y phasecurrent":"undefined","b phasecurrent":"undefined","power factor":"undefined","frequency":"undefined","air pressure":"undefined","air flow":"undefined","running frequency":"undefined","drive temperature":"undefined","fan running status (on/off)":"undefined","motor running torque":"undefined","motor temperature":"undefined","motor voltage":"undefined","running load in kw":"undefined","units consumed in kwh":"undefined"},"op_120A":{"running load in kw":0,"units consumed in kwh":0,"r phasevoltage":0,"y phasevoltage":0,"b phasevoltage":0,"r phasecurrent":-0.0005383813404478133,"y phasecurrent":0.0013073405716568232,"b phasecurrent":-0.0007612738409079611,"power factor":0,"frequency":0,"air pressure":1,"air flow":3276.699951171875,"running frequency":0,"drive temperature":25,"fan running status (on/off)":0,"motor running torque":6.94944041646695e-38,"motor temperature":22.700000762939453,"motor voltage":9.023113273060416e-38,"voltage plasma x axis":562.2286987304688,"absolute current plasma x axis":0.05625913664698601,"actual speed plasma x axis":0,"actual torque plasma x axis":0.06706517934799194,"drive temperature plasma x axis":41.60000228881836,"voltage plasma y axis":562.7415771484375,"absolute current plasma y axis":0.09013477712869644,"actual speed plasma y axis":0.00014901161193847656,"actual torque plasma y axis":0.10197582095861435,"drive temperature plasma y axis":45.400001525878906,"voltage plasma z axis":562.1249389648438,"absolute current plasma z axis":0.7061467170715332,"actual speed plasma z axis":0,"actual torque plasma z axis":-0.7303674221038818,"drive temperature plasma z axis":47.5,"voltage plasma rotary axis":563.4700927734375,"absolute current plasma rotary axis":0.2679966390132904,"actual speed plasma rotary axis":-0.0001341104507446289,"actual torque plasma rotary axis":-0.28433799743652344,"drive temperature plasma rotary axis":45.900001525878906,"voltage plasma  bottom z axis":562.1044921875,"absolute current plasma  bottom z axis":0.5228760838508606,"actual speed plasma  bottom z axis":0.00007450580596923828,"actual torque plasma  bottom z axis":-0.5503019690513611,"drive temperature plasma  bottom z axis":49.400001525878906}},"op_120B":{"connection":true,"op_120B":{"running load in kw":0,"units consumed in kwh":0,"r phasevoltage":0,"y phasevoltage":0,"b phasevoltage":0,"r phasecurrent":-0.0017149775521829724,"y phasecurrent":0.0024052683729678392,"b phasecurrent":0.0012748916633427143,"power factor":0,"frequency":0,"air pressure":0,"air flow":3276.699951171875,"running frequency":0,"drive temperature":25,"fan running status (on/off)":0,"motor running torque":6.350883624702005e-38,"motor temperature":24.399999618530273,"motor voltage":8.925203428319269e-38,"voltage disp x axis":563.0765380859375,"absolute current disp x axis":0.022130033001303673,"actual speed disp x axis":0,"actual torque disp x axis":0.014699217863380909,"drive temperature disp x axis":48.400001525878906,"voltage disp y axis":563.3540649414062,"absolute current disp y axis":0.12248270958662033,"absolute speed disp y axis":-0.00014901161193847656,"absolute torque disp y axis":-0.11943114548921585,"drive temperature disp y axis":48.29999923706055,"voltage disp z axis":561.0245361328125,"absolute current disp z axis":1.0959211587905884,"actual speed disp z axis":0.0004470348358154297,"actual torque disp z axis":-1.1722626686096191,"drive temperature disp z axis":51,"voltage bottom x axis":563.4063110351562,"absolute current bottom x axis":0.09153550118207932,"actual speed bottom x axis":-0.00007450580596923828,"actual torque bottom x axis":0.09095141291618347,"drive temperature bottom x axis":49.79999923706055,"voltage bottom y axis":562.9901733398438,"absolute current bottom y axis":0.0719899907708168,"actual_speed bottom y axis":0,"actual torque bottom y axis":0.06614647805690765,"drive temperature bottom y axis":50.400001525878906,"voltage bottom z axis":562.705322265625,"absolute current bottom z axis":0.541352391242981,"actual_speed bottom z axis":0,"actual torque bottom z axis":-0.5741881728172302,"drive temperature bottom z axis":50.10000228881836,"voltage rotary axis":563.5850219726562,"absolute current rotary axis":0.09994535893201828,"actual speed rotary axis":-0.0001341104507446289,"actual torque rotary axis":0.1065693274140358,"drive temperature rotary axis":52.5}},"op_120C":{"connection":true,"op_120C":{"actual speed disp y axis":-0.00007450580596923828,"actual torque disp y axis":0.00689025828614831,"drive temperature disp y axis":52,"voltage disp z axis":562.2653198242188,"absolute current disp z axis":0.598641574382782,"actual speed disp z axis":-0.0002980232238769531,"actual torque disp z axis":-0.6201232671737671,"drive temperature disp z axis":54.900001525878906,"voltage bottom x axis":563.4299926757812,"absolute current bottom x axis":0.07062916457653046,"actual speed  bottom x axis":0,"actual torque bottom x axis":0.06017492339015007,"drive temperature bottom x axis":53.20000076293945,"voltage bottom y axis":563.1958618164062,"absolute current y axis":0.12537777423858643,"actual speed bottom y axis":0,"actual torque bottom y axis":-0.1272401064634323,"drive temperature bottom y axis":52.79999923706055,"voltage bottom z axis":562.8869018554688,"absolute current bottom z axis":0.4953320026397705,"actual speed bottom z axis":0.00022351741790771484,"actual torque bottom z axis":-0.5094197988510132,"drive temperature bottom z axis":53.70000076293945,"voltage rotary axis":563.3976440429688,"absolute current rotary axis":0.272567480802536,"absolute speed rotary axis":0.0001341104507446289,"absolute torque rotary axis":-0.28755345940589905,"drive temperature rotary axis":54.400001525878906,"running load in kw":0,"units consumed in kwh":0,"r phasevoltage":0,"y phasevoltage":0,"b phasevoltage":0,"r phasecurrent":-0.0014533569337800145,"y phasecurrent":0.0013470088597387075,"b phasecurrent":-0.0008634183323010802,"power factor":0,"frequency":0,"air pressure":1,"air flow":3276.699951171875,"running frequency":0,"drive temperature":25,"fan running status (on/off)":0,"motor running torque":6.722249578004125e-38,"motor temperature":25.299999237060547,"motor voltage":7.835806536703256e-38,"voltage disp x axis":563.8126831054688,"absolute current disp x axis":0.012856709770858288,"actual speed disp x axis":0,"actual torque disp x axis":0.01148376427590847,"drive temperature disp x axis":51.5,"voltage disp y axis":563.1264038085938,"absolute current disp y axis":0.013806270435452461}},"op_130":{"connection":true,"op_130":{"running load in kw":0,"units consumed in kwh":0,"r phasevoltage":0,"y phasevoltage":0,"b phasevoltage":0,"r phasecurrent":0.00008740054909139872,"y phasecurrent":0.0023188290651887655,"b phasecurrent":-0.00044765599886886775,"power factor":0,"frequency":0,"air pressure":1,"air flow":3276.699951171875,"running frequency":0,"drive temperature":25,"fan running status (on/off)":0,"motor running torque":6.753409971695623e-38,"motor temperature":25.799999237060547,"motor voltage":8.232513571434226e-38,"voltage stopper - lh":562.5291137695312,"absolute current stopper - lh":0.7268829941749573,"absolute speed stopper - lh":0.0002384185791015625,"absolute torque stopper - lh":-0.780436635017395,"drive temperature stopper - lh":43.60000228881836}},"op_140":{"connection":true,"op_140":{"voltage":563.0632934570312,"absolute current":0.013196911662817001,"actual speed":0,"actual torque":-0.005052856635302305,"drive temperature":25,"running frequency":0,"r phasecurrent":0,"y phasecurrent":0,"b phasecurrent":0,"fan running status (on/off)":0,"motor running torque":6.460018430661779e-38,"motor temperature":25.299999237060547,"motor voltage":7.966607658999034e-38,"running load in kw":0,"units consumed in kwh":0,"r phasevoltage":0,"y phasevoltage":0,"b phasevoltage":0,"power factor":0,"frequency":0,"air pressure":1,"air flow":3276.699951171875}},"op_150":{"connection":true},"op_160":{"connection":true,"op_160":{"running load in kw":0,"units consumed in kwh":0,"r phasevoltage":0,"y phasevoltage":0,"b phasevoltage":0,"r phasecurrent":-0.00028191215824335814,"y phasecurrent":-0.002360578393563628,"b phasecurrent":-0.0002867905714083463,"power factor":0,"frequency":0,"air pressure":1,"air flow":3276.699951171875,"running frequency":0,"drive temperature":25,"fan running status (on/off)":0,"motor running torque":6.862884452403149e-38,"motor temperature":25.5,"motor voltage":7.735238709034978e-38}},"op_170":{"connection":true,"op_170":{"running frequency input conveyor":0,"r phasecurrent input conveyor":0.002603296423330903,"y phasecurrent input conveyor":-0.0012925374321639538,"b phasecurrent input conveyor":0.0006496161804534495,"drive temperature input conveyor":25,"fan running status (on/off) input conveyor":1,"motor running torque input conveyor":7.008722067740519e-38,"motor temperature input conveyor":24.299999237060547,"motor voltage input conveyor":9.026661360772086e-38,"running load in kw":0,"units consumed in kwh":0,"r phasevoltage":0,"y phasevoltage":0,"b phasevoltage":0,"r phasecurrent":0,"y phasecurrent":0,"b phasecurrent":0,"power factor":0,"frequency":0,"air pressure":1,"air flow":3276.699951171875}},"op_180,op_190":{"connection":true,"op_190":{"running frequency input conveyor":0,"r phasecurrent input conveyor":-0.0014757163589820266,"y phasecurrent input conveyor":-0.0014065476134419441,"b phasecurrent input conveyor":-0.00005512816642294638,"drive temperature input conveyor":25,"fan running status (on/off) input conveyor":1,"motor running torque input conveyor":7.234004337694934e-38,"motor temperature input conveyor":0,"motor voltage input conveyor":8.149847051388005e-38,"air_pressure":0,"air flow":0},"op_180":{"running frequency input conveyor":0,"r_phasecurrent input conveyor":-0.0014757163589820266,"y phasecurrent input conveyor":-0.0014065476134419441,"b phasecurrent input conveyor":-0.00005512816642294638,"drive temperature input conveyor":25,"fan running status (on/off) input conveyor":1,"motor running torque input conveyor":7.234004337694934e-38,"motor temperature input conveyor":0,"motor voltage input conveyor":8.149847051388005e-38,"running load in kw":0,"units consumed in kwh":0,"r phasevoltage":0,"y phasevoltage":0,"b phasevoltage":0,"r phasecurrent":0,"y phasecurrent":0,"b phasecurrent":0,"power factor":0,"frequency":0,"air pressure":1,"air flow":61657.3984375}},"op_20,op_620":{"connection":true,"op_620":{"Actual_Torque_PP2_Z_Axis":0,"Drive_Temperature_PP2_Z_Axis":50.60000228881836,"Drive_Temperature_Grade_Conveyor9":25,"Voltage_PP3_X_Axis":564.3646240234375,"Fan_Running_status_On_OFF_Grade_Conveyor9":0,"Absolute_Current_PP3_X_Axis":0,"Motor_running_Torque_Grade_Conveyor9":6.811600291725176e-38,"Actual_Speed_PP3_X_Axis":-0.00018611550331115723,"Motor_Temperature_Grade_Conveyor9":2.5999999046325684,"Actual_Torque_PP3_X_Axis":0,"Drive_Temperature_PP3_X_Axis":52.5,"Running_Frequency_Grade_Conveyor10":0,"Voltage_PP3_Z_Axis":564.8024291992188,"Absolute_Current_PP3_Z_Axis":0,"Actual_Speed_PP3_Z_Axis":0.00014901161193847656,"Actual_Torque_PP3_Z_Axis":0,"Drive_Temperature_PP3_Z_Axis":54.20000076293945,"Voltage_PP3_Rotary_Axis":565.6096801757812,"R_PhaseCurrent_Grade_Conveyor10":0.00007328732317546383,"Absolute_Current_PP3_Rotary_Axis":0,"Y_PhaseCurrent_Grade_Conveyor10":0.001044673495925963,"Actual_Speed_PP3_Rotary_Axis":0,"B_PhaseCurrent_Grade_Conveyor10":-0.0020291227847337723,"Actual_Torque_PP3_Rotary_Axis":0,"Drive_Temperature_Grade_Conveyor10":25,"Fan_Running_status_On_OFF_Grade_Conveyor10":0,"Drive_Temperature_PP3_Rotary_Axis":53.60000228881836,"Voltage_Vert_to_Horiz":565.538818359375,"Motor_running_Torque_Grade_Conveyor10":6.60942375188932e-38,"Absolute_Current_Vert_to_Horiz":0,"Motor_Temperature_Grade_Conveyor10":2.5999999046325684,"Actual_Speed_Vert_to_Horiz":0,"Running_Load_in_KW_Panel_A":0,"Actual_Torque_Vert_to_Horiz":0,"Units_consumed_in_KWh_Panel_A":0,"Drive_Temperature_Vert_to_Horiz":50.5,"Voltage_Conveyor_ Axis":"undefined","R_PhaseVoltage_Panel_A":0,"Absolute_Current_Conveyor_ Axis":"undefined","Actual_Speed_Conveyor_ Axis":"undefined","Actual_Torque_Conveyor_ Axis":"undefined","Drive_Temperature_Conveyor_ Axis":"undefined","Y_PhaseVoltage_Panel_A":0,"Running_Frequency_Input1_Conveyor":0,"R_PhaseCurrent_Input1_Conveyor":0.0008244739728979766,"Y_PhaseCurrent_Input1_Conveyor":0.0014774060109630227,"B_PhaseCurrent_Input1_Conveyor":0.0016097653424367309,"Drive_Temperature_Input1_Conveyor":25,"Fan_Running_status_On_OFF_Input1_Conveyor":0,"Motor_running_Torque_Input1_Conveyor":7.376278170777833e-38,"Motor_Temperature_Input1_Conveyor":2.5999999046325684,"Running_Frequency_Input2_Conveyor":0,"R_PhaseCurrent_Input2_Conveyor":0.0019850803073495626,"Y_PhaseCurrent_Input2_Conveyor":0.0015550857642665505,"B_PhaseCurrent_Input2_Conveyor":-0.0006045752088539302,"Drive_Temperature_Input2_Conveyor":25,"Fan_Running_status_On_OFF_Input2_Conveyor":0,"Motor_running_Torque_Input2_Conveyor":7.375751843074632e-38,"Motor_Temperature_Input2_Conveyor":2.5999999046325684,"Running_Frequency_Input3_Conveyor":0,"R_PhaseCurrent_Input3_Conveyor":0.001451545744203031,"Y_PhaseCurrent_Input3_Conveyor":0.001022137701511383,"B_PhaseCurrent_Input3_Conveyor":0.002421573968604207,"B_PhaseVoltage_Panel_A":0,"Drive_Temperature_Input3_Conveyor":25,"R_PhaseCurrent_Panel_A":0,"Fan_Running_status_On_OFF_Input3_Conveyor":0,"Y_PhaseCurrent_Panel_A":0,"Motor_running_Torque_Input3_Conveyor":6.43992268964459e-38,"B_PhaseCurrent_Panel_A":0,"Motor_Temperature_Input3_Conveyor":2.5999999046325684,"Power_Factor_Panel_A":0,"Running_Frequency_Grade_Conveyor1":0,"Frequency_Panel_A":0,"R_PhaseCurrent_Grade_Conveyor1":0,"Running_Load_in_KW_Panel_B":0,"Y_PhaseCurrent_Grade_Conveyor1":0,"Units_consumed_in_KWh_Panel_B":0,"B_PhaseCurrent_Grade_Conveyor1":0,"R_PhaseVoltage_Panel_B":0,"Drive_Temperature_Grade_Conveyor1":0,"Y_PhaseVoltage_Panel_B":0,"Fan_Running_status_On_OFF_Grade_Conveyor1":0,"B_PhaseVoltage_Panel_B":0,"R_PhaseCurrent_Panel_B":0,"Y_PhaseCurrent_Panel_B":0,"B_PhaseCurrent_Panel_B":0,"Power_Factor_Panel_B":0,"Motor_running_Torque_Grade_Conveyor1":0,"Frequency_Panel_B":0,"Motor_Temperature_Grade_Conveyor1":2.5999999046325684,"Air_Pressure":0,"Running_Frequency_Grade_Conveyor2":0,"Air_Flow":"undefined","Motor_Voltage":8.329421207513687e-38,"R_PhaseCurrent_Grade_Conveyor2":0,"Y_PhaseCurrent_Grade_Conveyor2":0,"B_PhaseCurrent_Grade_Conveyor2":0,"Drive_Temperature_Grade_Conveyor2":0,"Fan_Running_status_On_OFF_Grade_Conveyor2":0,"Motor_running_Torque_Grade_Conveyor2":0,"Motor_Temperature_Grade_Conveyor2":2.5999999046325684,"Running_Frequency_Grade_Conveyor3":0,"voltage_pp1_x_axis":565.3529052734375,"R_PhaseCurrent_Grade_Conveyor3":0.001369472942315042,"Absolute_Current_PP1_X_Axis":0,"Y_PhaseCurrent_Grade_Conveyor3":-0.00013080700591672212,"Actual_Speed_PP1_X_Axis":0.00018611550331115723,"B_PhaseCurrent_Grade_Conveyor3":0.0007119625806808472,"Actual_Torque_PP1_X_Axis":0,"Drive_Temperature_PP1_X_Axis":51,"Drive_Temperature_Grade_Conveyor3":25,"Fan_Running_status_On_OFF_Grade_Conveyor3":0,"Voltage_PP1_Z_Axis":565.2343139648438,"Motor_running_Torque_Grade_Conveyor3":0,"Motor_Temperature_Grade_Conveyor3":2.5999999046325684,"Absolute_Current_PP1_Z_Axis":0,"Running_Frequency_Grade_Conveyor4":0,"Actual_Speed_PP1_Z_Axis":-0.0762939453125,"R_PhaseCurrent_Grade_Conveyor4":0.0017279020976275206,"Y_PhaseCurrent_Grade_Conveyor4":0.0031770276837050915,"B_PhaseCurrent_Grade_Conveyor4":-0.000020350757040432654,"Actual_Torque_PP1_Z_Axis":0,"Drive_Temperature_PP1_Z_Axis":52.70000076293945,"Drive_Temperature_Grade_Conveyor4":25,"Voltage_PP2_X_Axis":566.0558471679688,"Fan_Running_status_On_OFF_Grade_Conveyor4":0,"Absolute_Current_PP2_X_Axis":0,"Actual_Speed_PP2_X_Axis":0.0952911376953125,"Motor_running_Torque_Grade_Conveyor4":0,"Motor_Temperature_Grade_Conveyor4":2.5999999046325684,"Running_Frequency_Grade_Conveyor5":0,"R_PhaseCurrent_Grade_Conveyor5":-0.0009757491643540561,"Actual_Torque_PP2_X_Axis":0,"Drive_Temperature_PP2_X_Axis":50.60000228881836,"Voltage_PP2_Z_Axis":565.1946411132812,"Absolute_Current_PP2_Z_Axis":0,"Actual_Speed_PP2_Z_Axis":-0.00014901161193847656,"Y_PhaseCurrent_Grade_Conveyor5":-0.0002508070319890976,"B_PhaseCurrent_Grade_Conveyor5":-0.0017101839184761047,"Drive_Temperature_Grade_Conveyor5":25,"Fan_Running_status_On_OFF_Grade_Conveyor5":0,"Motor_running_Torque_Grade_Conveyor5":6.68046397883673e-38,"Motor_Temperature_Grade_Conveyor5":2.5999999046325684,"Running_Frequency_Grade_Conveyor6":0,"R_PhaseCurrent_Grade_Conveyor6":-0.001801182865165174,"Y_PhaseCurrent_Grade_Conveyor6":-0.000551550358068198,"B_PhaseCurrent_Grade_Conveyor6":0.0003973226994276047,"Drive_Temperature_Grade_Conveyor6":25,"Fan_Running_status_On_OFF_Grade_Conveyor6":0,"Motor_running_Torque_Grade_Conveyor6":6.966039077036571e-38,"Motor_Temperature_Grade_Conveyor6":2.5999999046325684,"Running_Frequency_Grade_Conveyor7":0,"R_PhaseCurrent_Grade_Conveyor7":0.0013858570018783212,"y_phasecurrent_grade_conveyor7":-0.0014901614049449563,"B_PhaseCurrent_Grade_Conveyor7":0,"Drive_Temperature_Grade_Conveyor7":25,"Fan_Running_status_On_OFF_Grade_Conveyor7":0,"Motor_running_Torque_Grade_Conveyor7":6.77781554626969e-38,"Motor_Temperature_Grade_Conveyor7":2.5999999046325684,"Running_Frequency_Grade_Conveyor8":0,"R_PhaseCurrent_Grade_Conveyor8":0.00033688731491565704,"Y_PhaseCurrent_Grade_Conveyor8":-0.00008575167885283008,"B_PhaseCurrent_Grade_Conveyor8":-0.00024766381829977036,"Drive_Temperature_Grade_Conveyor8":25,"Fan_Running_status_On_OFF_Grade_Conveyor8":0,"Motor_running_Torque_Grade_Conveyor8":0,"Motor_Temperature_Grade_Conveyor8":2.5999999046325684,"Running_Frequency_Grade_Conveyor9":0,"R_PhaseCurrent_Grade_Conveyor9":0.0008753749425522983,"Y_PhaseCurrent_Grade_Conveyor9":-0.0002535333333071321,"B_PhaseCurrent_Grade_Conveyor9":0.00035769990063272417,"automode_running":"undefined","automode_selected":"undefined","manualmode_selected":"undefined","okparts_total":"undefined","nokparts_total":"undefined","totalparts":"undefined"},"op_20":{"units consumed in kwh":0,"r phasevoltage":-0.0009682746604084969,"y phasevoltage":0.001044673495925963,"b phasevoltage":-0.0020291227847337723,"r phasecurrent":25,"y phasecurrent":0,"b phasecurrent":6.60942375188932e-38,"power factor":2.5999999046325684,"frequency":7.948361071435368e-38,"PP X Axis voltage":"undefined","PP X Axis absolute current":"undefined","PP X Axis actual speed":"undefined","PP X Axis actual torque":"undefined","PP X Axis drive temperature":"undefined","PP Y Axis voltage":"undefined","PP Y Axis absolute current":"undefined","PP Y Axis actual speed":"undefined","PP Y Axis actual torque":"undefined","PP Y Axis drive temperature":"undefined","PP Z Axis voltage":"undefined","PP Z Axis absolute current":"undefined","PP Z Axis actual speed":"undefined","PP Z Axis actual torque":"undefined","PP Z Axis drive temperature":"undefined","Re Orientation 6 Cell Axis voltage":"undefined","Re Orientation 6 Cell Axis absolute current":"undefined","Re Orientation 6 Cell Axis actual speed":"undefined","Re Orientation 6 Cell Axis actual torque":"undefined","Re Orientation 6 Cell Axis drive temperature":"undefined","Re Orientation 7 Cell Axis voltage":"undefined","Re Orientation 7 Cell Axis absolute current":"undefined","Re Orientation 7 Cell Axis actual speed":"undefined","Re Orientation 7 Cell Axis actual torque":"undefined","Re Orientation 7 Cell Axis drive temperature":"undefined","Conveyor Index Axis voltage":"undefined","Conveyor Index Axis absolute current":"undefined","Conveyor Index Axis actual speed":"undefined","Conveyor Index Axis actual torque":"undefined","Conveyor Index Axis drive temperature":"undefined","air pressure":"undefined","air flow":"undefined","Input Conveyor VFD running frequency":"undefined","Input Conveyor VFD r phasecurrent":"undefined","Input Conveyor VFD y phasecurrent":"undefined","Input Conveyor VFD b phasecurrent":"undefined","Input Conveyor VFD drive temperature":"undefined","Input Conveyor VFD fan running status on off":"undefined","Input Conveyor VFD motor running torque":"undefined","Input Conveyor VFD motor temperature":"undefined","Input Conveyor VFD motor voltage":"undefined","Transfer Conveyor VFD running frequency":"undefined","Transfer Conveyor VFD r phasecurrent":"undefined","Transfer Conveyor VFD y phasecurrent":"undefined","Transfer Conveyor VFD b phasecurrent":"undefined","Transfer Conveyor VFD drive temperature":"undefined","Transfer Conveyor VFD fan running status on off":"undefined","Transfer Conveyor VFD motor running torque":"undefined","Transfer Conveyor VFD motor temperature":"undefined","Transfer Conveyor VFD motor voltage":"undefined","running load in kw":null}},"op_30,op_310A,op_310B,op_310C,op_310D":{"connection":true,"op_310D":{"running frequency":0.0014540996635332704,"r phasecurrent":25,"y phasecurrent":0,"b phasecurrent":6.719202594623297e-38,"drive temperature":25.5,"fan running status (on/off)":8.80823536394392e-38,"motor temperature":0,"motor voltage":0,"motor running torque":null},"op_310C":{"running frequency":"undefined","r phasecurrent":"undefined","y phasecurrent":"undefined","b phasecurrent":"undefined","drive temperature":"undefined","fan running status (on/off)":"undefined","motor running torque":"undefined","motor temperature":"undefined","motor voltage":"undefined"},"op_30":{"running frequency input conveyor":0,"r phasecurrent input conveyor":0.0006648667622357607,"y phasecurrent input conveyor":-0.00013113317254465073,"b phasecurrent input conveyor":-0.0005319136544130743,"drive temperature input conveyor":25,"fan running status (on/off) input conveyor":0,"motor running torque input conveyor":6.719202594623297e-38,"motor temperature input conveyor":25.5,"motor voltage input conveyor":8.80823536394392e-38,"running load in kw":0.3188595473766327,"units consumed in kwh":0,"r phasevoltage":227.06253051757812,"y phasevoltage":230.4734344482422,"b phasevoltage":226.19529724121094,"r phasecurrent":1.0130010843276978,"y phasecurrent":0.6509184241294861,"b phasecurrent":0.8164534568786621,"power factor":1.4353588819503784,"frequency":49.97276306152344,"air pressure":1,"air flow":3276.699951171875},"op_310A":{"running frequency buffer conveyor":0,"r phasecurrent buffer conveyor":-0.0012371607590466738,"y phasecurrent buffer conveyor":0.00023724084894638509,"b phasecurrent buffer conveyor":0.001970643876120448,"drive temperature buffer conveyor":25,"fan running status (on/off) buffer conveyor":0,"motor running torque buffer conveyor":7.315457893790436e-38,"motor temperature torque buffer conveyor":25.299999237060547,"motor voltage torque buffer conveyor":8.282154849792625e-38,"running frequency transfer conveyor":0,"r phasecurrent transfer conveyor":0.0005449422751553357,"y phasecurrent transfer conveyor":0.0011261232430115342,"b phasecurrent transfer conveyor":0.001262947334907949,"drive temperature transfer conveyor":25,"fan running status (on/off) transfer conveyor":0,"motor running torquetransfer conveyor":6.632674096009397e-38,"motor temperature transfer conveyor":24.600000381469727,"motor voltage transfer conveyor":8.420025803100615e-38,"Buffer Conveyor VFD motor voltage":"undefined","Buffer Conveyor VFD running frequency":"undefined","Buffer Conveyor VFD r phasecurrent":"undefined","Buffer Conveyor VFD y phasecurrent":"undefined","Buffer Conveyor VFD b phasecurrent":"undefined","Buffer Conveyor VFD drive temperature":"undefined","Buffer Conveyor VFD fan running status on off":"undefined","Buffer Conveyor VFD motor running torque":"undefined","Buffer Conveyor VFD motor temperature":"undefined"},"op_310B":{"running frequency":0,"r phasecurrent":-0.0004849298857152462,"y phasecurrent":0.0022082135546952486,"b phasecurrent":0.0012043636525049806,"drive temperature":25,"fan running status (on/off)":0,"motor running torque":7.225638585862915e-38,"motor temperature":24.399999618530273,"motor voltage":8.289381065713455e-38,"air pressure":1,"air flow":3276.699951171875}},"op_40,op_40A":{"connection":true,"op_40":{"running frequency":0,"r phasecurrents":-0.000304982386296615,"y phasecurrents":0.0008966824389062822,"b phasecurrents":0.0023438245989382267,"drive temperature":25,"fan running status (on/off)":0,"motor running torque":6.303510207778269e-38,"motor temperature":24.899999618530273,"motor voltage":8.403508417841926e-38,"running load in kw":0.18467481434345245,"units consumed in kwh":0,"r phasevoltage":227.04225158691406,"y phasevoltage":230.44435119628906,"b phasevoltage":226.2561798095703,"r phasecurrent":0.573972225189209,"y phasecurrent":0.271151065826416,"b phasecurrent":0.33497118949890137,"power factor":1.3124297857284546,"frequency":49.971900939941406,"air pressure":1,"air flow":28849}},"op_50,op_50A,op_60A":{"connection":true,"op_50":{"running frequency":0,"r phasecurrent":-0.0013934045564383268,"y phasecurrent":-0.0003264660481363535,"b phasecurrent":-0.0021968705113977194,"drive temperature":25,"fan running status (on/off)":6.351019270393352e-38,"motor running torque":3,"motor temperature":8.156612520373765e-38,"motor voltage":"undefined","air pressure":1,"air air flow":0},"op_60A":{"voltage x axis":563.2039794921875,"absolute current x axis":0.015945665538311005,"actual speed x axis":0.0002384185791015625,"actual torque x axis":-0.013780517503619194,"drive temperature x axis":46,"voltage y axis":562.9027099609375,"absolute current y axis":0.02720615826547146,"actual speed y axis":-0.00011920928955078125,"actual torque y axis":-0.033991944044828415,"drive temperature y axis":45.29999923706055,"voltage z axis":562.2481689453125,"absolute current  z axis":0.592589795589447,"actual speed z axis":-0.0007152557373046875,"actual torque z axis":-0.6123143434524536,"drive temperature z axis":47.10000228881836,"voltage rotary axis":563.100830078125,"absolute current  rotary axis":0.016000093892216682,"actual speed rotary axis":0.0006130763213150203,"actual torque rotary axis":0.019752075895667076,"drive temperature rotary axis":46.70000076293945,"running frequency":0,"r phasecurrent":2.744190216064453,"y phasecurrent":2.646491050720215,"b phasecurrent":2.843581199645996,"drive temperature":25,"fan running status (on/off)":0,"motor running torque":6.603915527885752e-38,"motor temperature":3,"motor voltage":8.193328221697232e-38,"running load in kw":0.4562857151031494,"units consumed in kwh":0,"r phasevoltage":227.0577850341797,"y phasevoltage":230.57476806640625,"b phasevoltage":226.3498077392578,"power factor":1.7569001913070679,"frequency":49.94623947143555}},"op_60B,op_80":{"connection":true,"op_80":{"voltage vertival axis":561.5055541992188,"absolute current vertival axis":0.3622837960720062,"actual speed vertival axis":0,"actual torque vertival axis":0.36150890588760376,"drive temperature vertival axis":50.70000076293945,"voltage rotary axis":562.1162109375,"absolute current rotary axis":0.03588144853711128,"actual speed rotary axis":0.0006437301635742188,"actual torque rotary axis":-0.028939086943864822,"drive temperature rotary axis":51.400001525878906,"running frequency":0,"r phasecurrent":1.9579333066940308,"y phasecurrent":1.7038681507110596,"b phasecurrent":2.0522401332855225,"drive temperature":25,"fan running status (on/off)":1,"motor running torque":6.53254459450076e-38,"motor temperature":25.200000762939453,"motor voltage":7.817989306989058e-38,"running load in kw":0.4983447790145874,"units consumed in kwh":0,"r phasevoltage":227.1357421875,"y phasevoltag":230.6262664794922,"b phasevoltage":226.2536163330078,"power factor":1.6172467470169067,"frequency":49.97211837768555,"air pressure":1,"air flow":110199.296875},"op_60B":{"voltage x axis":563.5584716796875,"absolute current x axis":0.016225295141339302,"actual speed x axis":-0.00011920928955078125,"actual torque x axis":0.008268310688436031,"drive temperature x axis":46.400001525878906,"voltage y axis":562.3515625,"absolute current y axis":0.027445349842309952,"actual speed y axis":0,"actual torque y axis":0.017914673313498497,"drive temperature y axis":47.29999923706055,"voltage z axis":562.8403930664062,"absolute current  z axis":0.5994890332221985,"actual speed z axis":0.0007152557373046875,"actual torque z axis":-0.6182858943939209,"drive temperature z axis":51.400001525878906,"voltage rotary axis":562.0707397460938,"absolute current  rotary axis":0.2306336760520935,"actual speed rotary axis":0.0006130763213150203,"actual torque rotary axis":0,"drive temperature rotary axis":51.29999923706055,"running frequency":0,"r phasecurrent":0,"y phasecurrent":0,"b phasecurrent":0,"drive temperature":25,"fan running status (on/off)":1,"motor running torque":6.922207021591876e-38,"motor temperature":25,"motor voltage":7.650063864737615e-38,"running load in kw":0,"units consumed in kwh":0,"r phasevoltage":0,"y phasevoltage":0,"b phasevoltage":0,"power factor":0,"frequency":0,"air pressure":1,"air flow":110199.296875}},"op_70A":{"connection":true,"op_70A":{"voltage x axis":563.6112670898438,"absolute current x axis":0.08393082022666931,"actual speed x axis":-0.0004470348358154297,"actual torque x axis":-0.09830102324485779,"drive temperature x axis":43.60000228881836,"voltage y axis":563.1943969726562,"absolute current y axis":0.055375900119543076,"actual speed y axis":-0.00014901161193847656,"actual torque y axis":-0.05420336872339249,"drive temperature y axis":43.60000228881836,"voltage z axis":563.5361938476562,"absolute current z axis":0.31508755683898926,"actual speed z axis":-0.00014901161193847656,"actual torque z axis":-0.3311917781829834,"drive temperature z axis":42.79999923706055,"running frequency":0,"r phasecurrent":-0.0005271314294077456,"y phasecurrent":-0.0011613182723522186,"b phasecurrent":0.0016897686291486025,"drive temperature":25,"fan running status (on/off)":0,"motor running torque":6.646956690477181e-38,"motor temperature":25.700000762939453,"motor voltage":8.01894559612218e-38,"running load in kw":0.4983447790145874,"units consumed in kwh":1.3020001649856567,"r phasevoltage":227.1357421875,"y phasevoltage":230.6262664794922,"b phasevoltage":226.2536163330078,"power factor":1.9579333066940308,"frequency":1.7038681507110596,"air pressure":1,"air flow":3276.699951171875}},"op_70B":{"connection":true,"op_70B":{"units consumed in kwh":200,"r phasevoltage":0,"y phasevoltag":0,"b phasevoltage":0,"r phasecurrent":-0.0016255923546850681,"y phasecurrent":-0.000281206943327561,"b phasecurrent":0.000944169529248029,"b power factor":0,"frequency":0,"air pressure":1,"air flow":3276.699951171875,"voltage x axis":563.1234130859375,"absolute current x axis":0.08706050366163254,"actual speed x axis":0,"actual torque x axis":-0.0790083035826683,"drive temperature x axis":44,"voltage y axis":562.5385131835938,"absolute current y axis":0.07343509048223495,"actual speed y axis":-0.0002384185791015625,"actual torque y axis":-0.07211804389953613,"drive temperature y axis":43.5,"voltage z axis":563.0950317382812,"absolute current  z axis":0.2750924825668335,"actual speed z axis":0.0002384185791015625,"actual torque z axis":-0.2880128026008606,"drive temperature z axis":44.20000076293945,"running frequency":0,"drive temperature":25,"fan running status (on/off)":0,"motor running torque":6.966697126795418e-38,"motor temperature":26,"motor voltage":8.023851261786089e-38,"running load in kw":0}},"op_90":{"connection":true},"op_10,op_60,op_620A,op_620B,op_70,op_80A":{"connection":false}}